subreddit_name,busy,weird_barchart,incorrect_title,missing_legend,misleading_meme,not_data,inverted_axis,no_title,incorrect_area_chart,none,trendline,animation,small_text,no_timeframe,small_sample,clutch_argument,arbitrary_formula,not_rate_adjusted,double_plotting,piechart,overplotting,misrepresentation,no_marks,oversimplification,stats_combination,unexplained_formula,missing_units,no_names,era_comparison,color_map,no_axis_labels,overusing_colors,conflation,3d,arbitrary_cutoff,arbitrary_grouping,cbb_barchart,logo_plotting,total_tags,not_none_tags,percent_not_none
CollegeBasketball,0.0,0.0,0.0,0.0,0.0,0.0,0.0,3.0,0.0,24.0,0.0,0.0,2.0,1.0,0.0,0.0,2.0,0.0,1.0,0.0,0.0,1.0,0.0,0.0,0.0,0.0,0.0,0.0,0.0,0.0,0.0,1.0,0.0,0.0,1.0,0.0,3.0,2.0,41.0,17.0,41.46341463414634
Dodgers,0.0,0.0,0.0,0.0,1.0,0.0,0.0,0.0,0.0,12.0,0.0,0.0,0.0,0.0,0.0,0.0,0.0,0.0,0.0,1.0,0.0,0.0,0.0,0.0,0.0,3.0,1.0,0.0,0.0,0.0,0.0,0.0,0.0,1.0,0.0,1.0,0.0,1.0,21.0,9.0,42.857142857142854
KansasCityChiefs,0.0,0.0,0.0,0.0,0.0,0.0,0.0,1.0,0.0,25.0,1.0,0.0,0.0,0.0,0.0,1.0,0.0,3.0,0.0,0.0,1.0,0.0,0.0,0.0,0.0,5.0,0.0,1.0,2.0,1.0,1.0,2.0,0.0,0.0,3.0,0.0,0.0,1.0,48.0,23.0,47.916666666666664
ManchesterUnited,1.0,1.0,0.0,0.0,0.0,0.0,0.0,0.0,0.0,42.0,0.0,0.0,0.0,0.0,1.0,0.0,0.0,0.0,0.0,0.0,0.0,0.0,0.0,0.0,0.0,0.0,0.0,0.0,0.0,0.0,0.0,0.0,0.0,0.0,0.0,0.0,0.0,0.0,45.0,3.0,6.666666666666667
baseball,0.0,0.0,0.0,0.0,0.0,0.0,4.0,16.0,1.0,39.0,0.0,1.0,0.0,0.0,1.0,0.0,0.0,2.0,0.0,0.0,1.0,0.0,1.0,0.0,0.0,2.0,0.0,0.0,0.0,0.0,1.0,0.0,0.0,1.0,2.0,0.0,0.0,4.0,76.0,37.0,48.68421052631579
bostonceltics,1.0,0.0,0.0,0.0,1.0,0.0,0.0,2.0,0.0,23.0,0.0,0.0,2.0,0.0,0.0,1.0,0.0,1.0,0.0,1.0,2.0,0.0,0.0,0.0,0.0,0.0,0.0,0.0,0.0,1.0,0.0,0.0,0.0,0.0,0.0,0.0,0.0,0.0,35.0,12.0,34.285714285714285
cowboys,2.0,0.0,1.0,1.0,1.0,1.0,1.0,0.0,0.0,15.0,0.0,0.0,0.0,1.0,0.0,1.0,1.0,1.0,0.0,0.0,0.0,0.0,0.0,0.0,0.0,0.0,0.0,2.0,2.0,1.0,1.0,0.0,1.0,0.0,0.0,0.0,0.0,5.0,38.0,23.0,60.526315789473685
lakers,0.0,0.0,0.0,0.0,0.0,0.0,0.0,1.0,0.0,78.0,0.0,0.0,2.0,0.0,3.0,0.0,0.0,0.0,0.0,0.0,0.0,0.0,0.0,0.0,1.0,1.0,0.0,1.0,1.0,1.0,1.0,0.0,0.0,0.0,1.0,0.0,0.0,0.0,91.0,13.0,14.285714285714286
nfl,0.0,0.0,0.0,0.0,0.0,0.0,0.0,1.0,0.0,4.0,0.0,0.0,0.0,0.0,0.0,0.0,0.0,0.0,0.0,0.0,1.0,0.0,0.0,0.0,0.0,0.0,0.0,1.0,0.0,0.0,0.0,0.0,0.0,2.0,0.0,0.0,0.0,3.0,12.0,8.0,66.66666666666667
nhl,0.0,0.0,0.0,0.0,0.0,0.0,1.0,3.0,0.0,34.0,0.0,0.0,1.0,0.0,0.0,0.0,0.0,0.0,0.0,2.0,1.0,0.0,0.0,0.0,0.0,0.0,0.0,1.0,0.0,0.0,0.0,0.0,0.0,0.0,1.0,0.0,0.0,2.0,46.0,12.0,26.08695652173913
realmadrid,0.0,0.0,0.0,0.0,0.0,0.0,0.0,1.0,0.0,16.0,0.0,0.0,0.0,0.0,0.0,0.0,0.0,0.0,0.0,0.0,0.0,0.0,0.0,0.0,0.0,0.0,0.0,0.0,0.0,0.0,1.0,0.0,0.0,0.0,0.0,0.0,0.0,0.0,18.0,2.0,11.11111111111111
soccer,0.0,0.0,0.0,0.0,0.0,0.0,1.0,1.0,0.0,16.0,0.0,0.0,1.0,1.0,0.0,0.0,0.0,0.0,0.0,1.0,1.0,0.0,0.0,1.0,0.0,0.0,0.0,0.0,0.0,0.0,2.0,0.0,0.0,0.0,1.0,2.0,0.0,0.0,28.0,12.0,42.857142857142854
total,4.0,1.0,1.0,1.0,3.0,1.0,7.0,29.0,1.0,328.0,1.0,1.0,8.0,3.0,5.0,3.0,3.0,7.0,1.0,5.0,7.0,1.0,1.0,1.0,1.0,11.0,1.0,6.0,5.0,4.0,7.0,3.0,1.0,4.0,9.0,3.0,3.0,18.0,499.0,171.0,443.4077228685003
